<?xml version="1.0" encoding="UTF-8"?>  
<!DOCTYPE mapper   
PUBLIC "-//mybatis.org//DTD Mapper 3.0//EN"  
"http://mybatis.org/dtd/mybatis-3-mapper.dtd">  

<mapper namespace = "com.wit.locker.mapper.BoxMapper"> 
	
	<!--根据id查询 getBox   -->
	<select id="getBox" parameterType="Long" resultType="box">
		SELECT
		id,locker_id,no,capacity,size_id,state
		FROM box
		where id = #{id}
	</select> 
	
	
		<!--查询空闲格口数  -->
	<select id="getFreeBoxByLockerId" resultType="box">
		SELECT
		id,locker_id,no,capacity,size_id,state
		FROM box
		where state = 0 and locker_id= #{lockerId}
	</select>
	


	
	<!--根据lockerId,capacity获取box  -->
	<select id="getBoxByLockerIdAndCapacity" parameterType="Long" resultType="box">
		SELECT
		id,locker_id,no,capacity,size_id,state
		FROM box
		where locker_id = #{0} and capacity= #{1} and state= 0 
	</select>
	

	<!--修改box  -->
	<update id="updateBox" parameterType="box">
		UPDATE box  
		<set> 
			<if test="no != null">
	            no = #{no},
	        </if>
	        
	        <if test="capacity != null">
	            capacity = #{capacity},
	        </if>   
	        <if test="state != null">
	            state = #{state},
	        </if>
		</set>
		WHERE id = #{id}
 	</update>
</mapper>