<?xml version="1.0" encoding="UTF-8"?>  
<!DOCTYPE mapper   
PUBLIC "-//mybatis.org//DTD Mapper 3.0//EN"  
"http://mybatis.org/dtd/mybatis-3-mapper.dtd">  

<mapper namespace = "com.wit.locker.mapper.CostRecordMapper"> 
	
	<!--根据id查询 CostRecord   -->
	<select id="getPaymentInfo" parameterType="Long" resultType="costRecord">
		SELECT
		id,box_id,capacity,order_id,cost,create_time,pay_state,platformorder_id,buyer_id,phone,code
		FROM cost_record
		where id = #{id}
	</select> 
	
	
	<!-- 添加savePayment -->
	<insert id="savePayment" parameterType="costRecord">
		<selectKey keyProperty="id" resultType="long" order="AFTER" >
               SELECT LAST_INSERT_ID() as id
        </selectKey>
        	  
		INSERT INTO cost_record(id,box_id,capacity,order_id,cost,
   						 create_time,pay_state,phone,code)
		VALUES(#{id},#{boxId},#{capacity},#{orderId},#{cost},now(),
				#{payState},#{phone},#{code})
	</insert>
	
	
	 <!--根据orderId查询 CostRecord   -->
	<select id="getPayInfoByOrderId" parameterType="String" resultType="costRecord">
		SELECT
		id,box_id,capacity,order_id,cost,create_time,pay_state,platformorder_id,buyer_id,phone,code
		FROM cost_record
		where order_id = #{orderId}
	</select> 
	
	
	
	 <!--根据orderId查询 CostRecord   -->
	<select id="getPayInfoByOutOrderId" parameterType="String" resultType="costRecord">
		SELECT
		id,box_id,capacity,order_id,out_order_id,cost,create_time,pay_state,platformorder_id,buyer_id,phone,code
		FROM cost_record
		where out_order_id = #{outOrderId}
	</select> 
	
	
	 

	 <!--根据code获取CostRecord   -->
	<select id="getPayInfoByCode" parameterType="String" resultType="costRecord">
		SELECT
		id,box_id,capacity,order_id,cost,create_time,pay_time,pay_state,platformorder_id,buyer_id,phone,code
		FROM cost_record
		where code = #{code} and pay_state=1
	</select>
	 
	 <!--根据phone,code,且pay_state为1找出CostRecord  -->
	<select id="getPayInfoByCodeAndPhone" parameterType="String" resultType="costRecord">
		SELECT
		id,box_id,capacity,order_id,cost,create_time,pay_time,pay_state,platformorder_id,buyer_id,phone,code
		FROM cost_record
		where phone = #{0} and code = #{1} and pay_state=1
	</select>
	
	
	<!--修改savePayment  -->
	<update id="updatePayInfo" parameterType="costRecord">
		UPDATE cost_record  
		<set> 
	        <if test="payState != null">
	            pay_state = #{payState},
	        </if>	
	       	<if test="platformorderId != null">
	            platformorder_id = #{platformorderId},
	        </if>
	         <if test="payTime != null">
	            pay_time = #{payTime},
	        </if> 
	        <if test="buyerId != null">
	            buyer_id = #{buyerId}
	        </if>
		</set>
		WHERE order_id = #{orderId}
 	</update>
 	
 	
 	
	
 	<!--修改取物品  -->
	<update id="updatePayBackInfo" parameterType="costRecord">
		UPDATE cost_record  
		<set> 
	        <if test="outCost != null">
	            out_cost = #{outCost},
	        </if>   
	       <if test="outOrderId != null">
	            out_order_id = #{outOrderId},
	        </if> 
	        out_create_time = now()
		</set>
		WHERE id = #{id}
 	</update>
 	
 	
 	
 	<!--修改异步支付回掉  -->
	<update id="updatePayReturnBackInfo" parameterType="costRecord">
		UPDATE cost_record  
		<set> 
	       <if test="payState != null">
	            pay_state = #{payState},
	        </if> 
	        out_pay_time = now()
		</set>
		WHERE out_order_id = #{outOrderId}
 	</update>
 	
 
 	<!--不用付款直接修改取物状态 -->
	<update id="updatePayInfoInFree" parameterType="costRecord">
		UPDATE cost_record  
		<set> 
	       <if test="payState != null">
	          pay_state = #{payState},
	        </if> 
	         <if test="outCost != null">
	            out_cost = #{outCost},
	        </if>   
	        out_pay_time = now()
		</set>
		WHERE order_id = #{orderId}
 	</update>
	
</mapper>